{
    "RootType": "saveMetadataContainer",
    "Data": {
        "metadata": {
            "activeQuests": "6B577A51814903CA",
            "trackedQuestEntry": "quests/main_quest/act_01/q101_01_firestorm/johnny/stage",
            "trackedQuest": "LocKey#8508",
            "mainQuest": "LocKey#8508",
            "locationName": "LocKey#44358",
            "playerPosition": {
                "X": 5642.0595703125,
                "Y": -1512.029541015625,
                "Z": 212.67359924316407
            },
            "playTime": 38474.671430032,
            "playthroughTime": 41845.158372665,
            "nextSavableEntityID": 9003429,
            "nextNonSavableEntityID": 10040073,
            "lifePath": "Nomad",
            "bodyGender": "Male",
            "brainGender": "Male",
            "initialBuildID": "3.0.48  P4CL: 4446133  Stream: //R6.Root/R6.Platform.Star.Dev ",
            "finishedQuests": "q004 q005 q000 q001 q003 ",
            "playthroughID": "61a13228aee284cd",
            "buildPatch": "1.31",
            "difficulty": "Story",
            "timestampString": "21:46:22, 1.12.2021",
            "name": "ManualSave-0",
            "userName": "JCNerdy#3750",
            "buildID": "3.0.48  P4CL: 4446133  Stream: //R6.Root/R6.Platform.Star.Dev ",
            "platform": "ggp",
            "buildConfiguration": "final",
            "fileSize": 2026234,
            "initialLoadingScreenID": 183640721353
        }
    }
}